순번,city,gu,dong
1,서울특별시,강남구,역삼동
2,서울특별시,강남구,논현동
3,서울특별시,강남구,논현동
4,서울특별시,강남구,역삼동
5,서울특별시,강남구,대치동
6,서울특별시,강남구,삼성동
7,서울특별시,강남구,신사동
8,서울특별시,강남구,삼성동
9,서울특별시,강남구,대치동
10,서울특별시,강남구,신사동
11,서울특별시,강남구,수서동
12,서울특별시,강남구,도곡동
13,서울특별시,강남구,삼성동
14,서울특별시,강남구,삼성동
15,서울특별시,강남구,역삼동
16,서울특별시,강남구,삼성동
17,서울특별시,강남구,청담동
18,서울특별시,강남구,역삼동
19,서울특별시,강남구,역삼동
20,서울특별시,강남구,대치동
21,서울특별시,강남구,청담동
22,서울특별시,강남구,신사동
23,서울특별시,강남구,
24,서울특별시,강남구,청담동
25,서울특별시,강남구,역삼동
26,서울특별시,강남구,논현동
27,서울특별시,강남구,대치동
28,서울특별시,강남구,삼성동
29,서울특별시,강남구,논현동
30,서울특별시,강남구,논현동
31,서울특별시,강남구,대치동
32,서울특별시,강남구,논현동
33,서울특별시,강남구,청담동
34,서울특별시,강남구,대치동
35,서울특별시,강남구,역삼동
36,서울특별시,강남구,삼성동
37,서울특별시,강남구,신사동
38,서울특별시,강남구,역삼동
39,서울특별시,강남구,역삼동
40,서울특별시,강남구,역삼동
41,서울특별시,강남구,청담동
42,서울특별시,강남구,삼성동
43,서울특별시,강남구,
44,서울특별시,강남구,논현동
45,서울특별시,강남구,대치동
46,서울특별시,강남구,도곡동
47,서울특별시,강남구,삼성동
48,서울특별시,강남구,대치동
49,서울특별시,강남구,신사동
50,서울특별시,강남구,신사동
51,서울특별시,강남구,역삼동
52,서울특별시,강남구,역삼동
53,서울특별시,강남구,논현동
54,서울특별시,강남구,대치동
55,서울특별시,강남구,개포동
56,서울특별시,강남구,역삼동
57,서울특별시,강남구,대치동
58,서울특별시,강남구,삼성동
59,서울특별시,강남구,삼성동
60,서울특별시,강남구,역삼동
61,서울특별시,강남구,신사동
62,서울특별시,강남구,역삼동
63,서울특별시,강남구,삼성동
64,서울특별시,강남구,역삼동
65,서울특별시,강남구,신사동
66,서울특별시,강남구,역삼동
67,서울특별시,강남구,역삼동
68,서울특별시,강남구,청담동
69,서울특별시,강남구,역삼동
70,서울특별시,강남구,대치동
71,서울특별시,강남구,역삼동
72,서울특별시,강남구,논현동
73,서울특별시,강남구,논현동
74,서울특별시,강남구,대치동
75,서울특별시,강남구,개포동
76,서울특별시,강남구,수서동
77,서울특별시,강남구,삼성동
78,서울특별시,강남구,역삼동
79,서울특별시,강남구,논현동
80,서울특별시,강남구,세곡동
81,서울특별시,강남구,대치동
82,서울특별시,강남구,역삼동
83,서울특별시,강남구,역삼동
84,서울특별시,강남구,대치동
85,서울특별시,강남구,역삼동
86,서울특별시,강남구,논현동
87,서울특별시,강남구,삼성동
88,서울특별시,강남구,역삼동
89,서울특별시,강북구,미아동
90,서울특별시,강북구,수유동
91,서울특별시,강북구,미아동
92,서울특별시,강북구,번동)
93,서울특별시,강북구,미아동
94,서울특별시,강북구,우이동
95,서울특별시,강서구,마곡동
96,서울특별시,강서구,마곡동
97,서울특별시,강서구,내발산
98,서울특별시,강서구,마곡동
99,서울특별시,강서구,방화동
100,서울특별시,강서구,마곡동
101,서울특별시,강서구,마곡동
102,서울특별시,강서구,등촌동
103,서울특별시,강서구,화곡동
104,서울특별시,강서구,마곡동
105,서울특별시,강서구,화곡동
106,서울특별시,강서구,등촌동
107,서울특별시,강서구,염창동
108,서울특별시,강서구,등촌동
109,서울특별시,강서구,화곡동
110,서울특별시,강서구,화곡동
111,서울특별시,강서구,화곡동
112,서울특별시,강서구,염창동
113,서울특별시,강서구,등촌동
114,서울특별시,강서구,내발산
115,서울특별시,강서구,마곡동
116,서울특별시,강서구,방화동
117,서울특별시,강서구,등촌동
118,서울특별시,강서구,마곡동
119,서울특별시,강서구,화곡동
120,서울특별시,관악구,봉천동
121,서울특별시,관악구,봉천동
122,서울특별시,관악구,신림동
123,서울특별시,관악구,봉천동
124,서울특별시,관악구,봉천동
125,서울특별시,관악구,
126,서울특별시,관악구,봉천동
127,서울특별시,관악구,신림동
128,서울특별시,관악구,신림동
129,서울특별시,관악구,
130,서울특별시,관악구,봉천동
131,서울특별시,관악구,봉천동
132,서울특별시,광진구,화양동
133,서울특별시,광진구,군자동
134,서울특별시,광진구,구의동
135,서울특별시,광진구,구의동
136,서울특별시,광진구,구의동
137,서울특별시,광진구,
138,서울특별시,광진구,군자동
139,서울특별시,광진구,광장동
140,서울특별시,광진구,자양동
141,서울특별시,광진구,화양동
142,서울특별시,광진구,구의동
143,서울특별시,광진구,광장동
144,서울특별시,광진구,자양동
145,서울특별시,광진구,화양동
146,서울특별시,광진구,중곡동
147,서울특별시,광진구,자양동
148,서울특별시,광진구,자양동
149,서울특별시,광진구,중곡동
150,서울특별시,금천구,시흥동
151,서울특별시,금천구,가산동
152,서울특별시,금천구,독산동
153,서울특별시,금천구,시흥동
154,서울특별시,금천구,가산동
155,서울특별시,금천구,독산동
156,서울특별시,금천구,가산동
157,서울특별시,금천구,
158,서울특별시,금천구,가산동
159,서울특별시,금천구,가산동
160,서울특별시,금천구,가산동
161,서울특별시,금천구,가산동
162,서울특별시,금천구,가산동
163,서울특별시,노원구,104
164,서울특별시,노원구,월계동
165,서울특별시,노원구,상계동
166,서울특별시,노원구,공릉동
167,서울특별시,노원구,상계동
168,서울특별시,노원구,공릉동
169,서울특별시,노원구,중계동
170,서울특별시,노원구,주)
171,서울특별시,노원구,월계동
172,서울특별시,노원구,상계동
173,서울특별시,노원구,상계동
174,서울특별시,노원구,월계동
175,서울특별시,노원구,공릉동
176,서울특별시,노원구,상계동
177,서울특별시,도봉구,창동)
178,서울특별시,도봉구,창동)
179,서울특별시,도봉구,창동)
180,서울특별시,도봉구,쌍문동
181,서울특별시,도봉구,방학동
182,서울특별시,동작구,노량진
183,서울특별시,동작구,사당동
184,서울특별시,동작구,상도1
185,서울특별시,동작구,신대방
186,서울특별시,동작구,사당동
187,서울특별시,동작구,노량진
188,서울특별시,동작구,상도동
189,서울특별시,동작구,흑석동
190,서울특별시,동작구,상도동
191,서울특별시,동작구,상도동
192,서울특별시,동작구,사당동
193,서울특별시,마포구,신수동
194,서울특별시,마포구,상암동
195,서울특별시,마포구,용강동
196,서울특별시,마포구,서교동
197,서울특별시,마포구,아현동
198,서울특별시,마포구,공덕동
199,서울특별시,마포구,서교동
200,서울특별시,마포구,동교동
201,서울특별시,마포구,염리동
202,서울특별시,마포구,창전동
203,서울특별시,마포구,합정동
204,서울특별시,마포구,대흥동
205,서울특별시,마포구,서교동
206,서울특별시,마포구,상암동
207,서울특별시,마포구,노고산
208,서울특별시,마포구,
209,서울특별시,마포구,상수동
210,서울특별시,마포구,도화동
211,서울특별시,마포구,신수동
212,서울특별시,마포구,상암동
213,서울특별시,마포구,동교동
214,서울특별시,마포구,동교동
215,서울특별시,마포구,아현동
216,서울특별시,마포구,상암동
217,서울특별시,마포구,도화동
218,서울특별시,마포구,도화동
219,서울특별시,마포구,상수동
220,서울특별시,마포구,서교동
221,서울특별시,마포구,신공덕
222,서울특별시,마포구,서교동
223,서울특별시,마포구,아현동
224,서울특별시,마포구,상암동
225,서울특별시,마포구,동교동
226,서울특별시,마포구,합정동
227,서울특별시,마포구,동교동
228,서울특별시,마포구,망원동
229,서울특별시,서대문구,남가좌
230,서울특별시,서대문구,남가좌
231,서울특별시,서대문구,창천동
232,서울특별시,서대문구,연희동
233,서울특별시,서대문구,북아현
234,서울특별시,서대문구,홍제동
235,서울특별시,서대문구,신촌동
236,서울특별시,서대문구,연희동
237,서울특별시,서대문구,충정로
238,서울특별시,서대문구,창천동
239,서울특별시,서대문구,대현동
240,서울특별시,서대문구,신촌동
241,서울특별시,서대문구,대현동
242,서울특별시,서대문구,창천동
243,서울특별시,서대문구,창천동
244,서울특별시,서대문구,
245,서울특별시,서대문구,대신동
246,서울특별시,서대문구,창천동
247,서울특별시,서대문구,충정로
248,서울특별시,서대문구,대현동
249,서울특별시,서대문구,북가좌
250,서울특별시,서대문구,창천동
251,서울특별시,서초구,방배동
252,서울특별시,서초구,서초동
253,서울특별시,서초구,방배동
254,서울특별시,서초구,반포동
255,서울특별시,서초구,서초동
256,서울특별시,서초구,서초동
257,서울특별시,서초구,서초동
258,서울특별시,서초구,방배동
259,서울특별시,서초구,잠원동
260,서울특별시,서초구,반포동
261,서울특별시,서초구,반포동
262,서울특별시,서초구,
263,서울특별시,서초구,방배동
264,서울특별시,서초구,서초동
265,서울특별시,서초구,신원동
266,서울특별시,서초구,방배동
267,서울특별시,서초구,반포동
268,서울특별시,서초구,서초동
269,서울특별시,서초구,양재동
270,서울특별시,서초구,잠원동
271,서울특별시,서초구,방배동
272,서울특별시,서초구,방배동
273,서울특별시,서초구,서초동
274,서울특별시,서초구,서초동
275,서울특별시,서초구,
276,서울특별시,서초구,반포동
277,서울특별시,서초구,서초동
278,서울특별시,서초구,방배동
279,서울특별시,서초구,잠원동
280,서울특별시,서초구,서초동
281,서울특별시,서초구,잠원동
282,서울특별시,서초구,서초동
283,서울특별시,서초구,서초동
284,서울특별시,서초구,양재동
285,서울특별시,서초구,반포동
286,서울특별시,서초구,양재동
287,서울특별시,서초구,서초동
288,서울특별시,서초구,반포동
289,서울특별시,서초구,서초동
290,서울특별시,서초구,서초동
291,서울특별시,서초구,서초동
292,서울특별시,서초구,서초동
293,서울특별시,서초구,서초동
294,서울특별시,서초구,서초동
295,서울특별시,서초구,서초동
296,서울특별시,서초구,반포동
297,서울특별시,서초구,서초동
298,서울특별시,서초구,서초동
299,서울특별시,서초구,잠원동
300,서울특별시,성북구,돈암동
301,서울특별시,성북구,길음동
302,서울특별시,성북구,종암동
303,서울특별시,성북구,하월곡
304,서울특별시,성북구,동선동
305,서울특별시,성북구,종암동
306,서울특별시,성북구,동소문
307,서울특별시,성북구,하월곡
308,서울특별시,성북구,안암동
309,서울특별시,성북구,길음동
310,서울특별시,성북구,동선동
311,서울특별시,성북구,안암동
312,서울특별시,성북구,성북동
313,서울특별시,성북구,안암동
314,서울특별시,성북구,장위동
315,서울특별시,송파구,송파동
316,서울특별시,송파구,가락동
317,서울특별시,송파구,신천동
318,서울특별시,송파구,문정동
319,서울특별시,송파구,가락동
320,서울특별시,송파구,문정동
321,서울특별시,송파구,문정동
322,서울특별시,송파구,
323,서울특별시,송파구,장지동
324,서울특별시,송파구,방이동
325,서울특별시,송파구,방이동
326,서울특별시,송파구,문정동
327,서울특별시,송파구,송파동
328,서울특별시,송파구,삼전동
329,서울특별시,송파구,가락동
330,서울특별시,송파구,문정동
331,서울특별시,송파구,방이동
332,서울특별시,송파구,오금동
333,서울특별시,송파구,송파동
334,서울특별시,송파구,신천동
335,서울특별시,송파구,잠실동
336,서울특별시,송파구,신천동
337,서울특별시,송파구,잠실동
338,서울특별시,송파구,잠실동
339,서울특별시,송파구,방이동
340,서울특별시,송파구,가락동
341,서울특별시,송파구,석촌동
342,서울특별시,송파구,가락동
343,서울특별시,송파구,문정동
344,서울특별시,송파구,잠실동
345,서울특별시,송파구,문정동
346,서울특별시,송파구,거여동
347,서울특별시,송파구,방이동
348,서울특별시,송파구,신천동
349,서울특별시,송파구,문정동
350,서울특별시,송파구,마천동
351,서울특별시,양천구,목동)
352,서울특별시,양천구,목동)
353,서울특별시,양천구,목동)
354,서울특별시,양천구,신정동
355,서울특별시,양천구,신정동
356,서울특별시,양천구,목동)
357,서울특별시,양천구,신정동
358,서울특별시,양천구,목동)
359,서울특별시,양천구,신월동
360,서울특별시,양천구,목동)
361,서울특별시,양천구,"목동,"
362,서울특별시,양천구,목동)
363,서울특별시,양천구,"목동,"
364,서울특별시,양천구,목동)
365,서울특별시,양천구,목동)
366,서울특별시,양천구,신정동
367,서울특별시,양천구,신월동
368,서울특별시,영등포구,영등포
369,서울특별시,영등포구,여의도
370,서울특별시,영등포구,영등포
371,서울특별시,영등포구,당산동
372,서울특별시,영등포구,여의도
373,서울특별시,영등포구,여의도
374,서울특별시,영등포구,여의도
375,서울특별시,영등포구,여의도
376,서울특별시,영등포구,영등포
377,서울특별시,영등포구,여의도
378,서울특별시,영등포구,여의도
379,서울특별시,영등포구,양평동
380,서울특별시,영등포구,여의도
381,서울특별시,영등포구,양평제
382,서울특별시,영등포구,여의도
383,서울특별시,영등포구,여의도
384,서울특별시,영등포구,신길동
385,서울특별시,영등포구,문래동
386,서울특별시,영등포구,당산동
387,서울특별시,영등포구,여의도
388,서울특별시,영등포구,여의도
389,서울특별시,영등포구,영등포
390,서울특별시,영등포구,문래동
391,서울특별시,영등포구,여의도
392,서울특별시,영등포구,여의도
393,서울특별시,영등포구,문래동
394,서울특별시,영등포구,영등포
395,서울특별시,영등포구,여의도
396,서울특별시,영등포구,영등포
397,서울특별시,영등포구,영등포
398,서울특별시,영등포구,영등포
399,서울특별시,영등포구,여의도
400,서울특별시,영등포구,여의도
401,서울특별시,영등포구,여의도
402,서울특별시,영등포구,양평동
403,서울특별시,영등포구,영등포
404,서울특별시,영등포구,
405,서울특별시,영등포구,양평동
406,서울특별시,영등포구,영등포
407,서울특별시,영등포구,여의도
408,서울특별시,영등포구,당산동
409,서울특별시,은평구,대조동
410,서울특별시,은평구,
411,서울특별시,은평구,불광동
412,서울특별시,은평구,갈현동
413,서울특별시,은평구,
414,서울특별시,은평구,응암동
415,서울특별시,은평구,응암동
416,서울특별시,은평구,대조동
417,서울특별시,은평구,수색동
418,서울특별시,은평구,신사동
419,서울특별시,은평구,진관동
420,서울특별시,은평구,녹번동
421,서울특별시,은평구,진관동
422,서울특별시,종로구,수송동
423,서울특별시,종로구,동숭동
424,서울특별시,종로구,당주동
425,서울특별시,종로구,평동)
426,서울특별시,종로구,평창동
427,서울특별시,종로구,서린동
428,서울특별시,종로구,종로2
429,서울특별시,종로구,
430,서울특별시,종로구,적선동
431,서울특별시,종로구,숭인동
432,서울특별시,종로구,수송동
433,서울특별시,종로구,계동)
434,서울특별시,종로구,청진동
435,서울특별시,종로구,신문로
436,서울특별시,종로구,재동)
437,서울특별시,종로구,삼청동
438,서울특별시,종로구,청진동
439,서울특별시,종로구,적선동
440,서울특별시,종로구,인사동
441,서울특별시,종로구,세종로
442,서울특별시,종로구,명륜3
443,서울특별시,종로구,사직동
444,서울특별시,종로구,인의동
445,서울특별시,종로구,종로2
446,서울특별시,종로구,동숭동
447,서울특별시,종로구,관철동
448,서울특별시,종로구,통의동
449,서울특별시,종로구,수송동
450,서울특별시,종로구,동숭동
451,서울특별시,종로구,종로3
452,서울특별시,종로구,연건동
453,서울특별시,종로구,중학동
454,서울특별시,종로구,관수동
455,서울특별시,종로구,종로1
456,서울특별시,종로구,신문로
457,서울특별시,종로구,인의동
458,서울특별시,종로구,평동)
459,서울특별시,종로구,혜화동
460,서울특별시,종로구,
461,서울특별시,종로구,평동)
462,서울특별시,중구,남대문
463,서울특별시,중구,을지로
464,서울특별시,중구,을지로
465,서울특별시,중구,남대문
466,서울특별시,중구,을지로
467,서울특별시,중구,
468,서울특별시,중구,충무로
469,서울특별시,중구,을지로
470,서울특별시,중구,남대문
471,서울특별시,중구,광희동
472,서울특별시,중구,다동)
473,서울특별시,중구,장충동
474,서울특별시,중구,흥인동
475,서울특별시,중구,남대문
476,서울특별시,중구,회현동
477,서울특별시,중구,삼각동
478,서울특별시,중구,을지로
479,서울특별시,중구,충무로
480,서울특별시,중구,충무로
481,서울특별시,중구,태평로
482,서울특별시,중구,명동 
483,서울특별시,중구,신당동
484,서울특별시,중구,저동2
485,서울특별시,중구,
486,서울특별시,중구,서소문
487,서울특별시,중구,흥인동
488,서울특별시,중구,을지로
489,서울특별시,중구,남대문
490,서울특별시,중구,순화동
491,서울특별시,중구,필동2
492,서울특별시,중구,소공동
493,서울특별시,중구,무교동
494,서울특별시,중구,충정로
495,서울특별시,중구,태평로
496,서울특별시,중구,서소문
497,서울특별시,중구,남대문
498,서울특별시,중구,황학동
499,서울특별시,중구,을지로
500,서울특별시,중구,소공동
501,서울특별시,중구,을지로
502,서울특별시,중구,을지로
503,서울특별시,중구,충무로
504,서울특별시,중구,명동2
505,서울특별시,중구,순화동
506,서울특별시,중구,무교동
507,서울특별시,중구,수표동
508,서울특별시,중구,남대문
509,서울특별시,중구,태평로
510,서울특별시,중구,을지로
511,서울특별시,중구,회현동
512,서울특별시,중구,회현동
513,서울특별시,중구,저동2
514,서울특별시,중구,남산동
515,서울특별시,중구,서소문
516,서울특별시,강동구,명일동
517,서울특별시,강동구,성내동
518,서울특별시,강동구,암사동
519,서울특별시,강동구,명일동
520,서울특별시,강동구,천호동
521,서울특별시,강동구,성내동
522,서울특별시,강동구,천호동
523,서울특별시,강동구,천호동
524,서울특별시,강동구,길동)
525,서울특별시,강동구,상일동
526,서울특별시,강동구,성내동
527,서울특별시,강동구,명일동
528,서울특별시,강동구,고덕동
529,서울특별시,강동구,천호동
530,서울특별시,강동구,강일동
531,서울특별시,강동구,성내동
532,서울특별시,강동구,
533,서울특별시,구로구,신도림
534,서울특별시,구로구,구로동
535,서울특별시,구로구,오류동
536,서울특별시,구로구,구로동
537,서울특별시,구로구,구로동
538,서울특별시,구로구,구로동
539,서울특별시,구로구,신도림
540,서울특별시,구로구,구로동
541,서울특별시,구로구,신도림
542,서울특별시,구로구,고척동
543,서울특별시,구로구,구로동
544,서울특별시,구로구,오류동
545,서울특별시,구로구,구로동
546,서울특별시,구로구,고척동
547,서울특별시,동대문구,답십리
548,서울특별시,동대문구,회기동
549,서울특별시,동대문구,이문동
550,서울특별시,동대문구,신설동
551,서울특별시,동대문구,회기동
552,서울특별시,동대문구,이문동
553,서울특별시,동대문구,장안동
554,서울특별시,동대문구,회기동
555,서울특별시,동대문구,제기동
556,서울특별시,동대문구,전농동
557,서울특별시,성동구,성수동
558,서울특별시,성동구,금호동
559,서울특별시,성동구,성수동
560,서울특별시,성동구,하왕십
561,서울특별시,성동구,성수동
562,서울특별시,성동구,하왕십
563,서울특별시,성동구,도선동
564,서울특별시,성동구,행당동
565,서울특별시,성동구,행당동
566,서울특별시,성동구,금호동
567,서울특별시,성동구,행당동
568,서울특별시,성동구,성수동
569,서울특별시,성동구,옥수동
570,서울특별시,성동구,성수동
571,서울특별시,용산구,효창동
572,서울특별시,용산구,서계동
573,서울특별시,용산구,이태원
574,서울특별시,용산구,한남동
575,서울특별시,용산구,한강로
576,서울특별시,용산구,이촌동
577,서울특별시,용산구,한강로
578,서울특별시,용산구,용산동
579,서울특별시,용산구,갈월동
580,서울특별시,용산구,한남동
581,서울특별시,용산구,용산동
582,서울특별시,용산구,동자동
583,서울특별시,용산구,한남동
584,서울특별시,용산구,청파동
585,서울특별시,용산구,동빙고
586,서울특별시,용산구,갈월동
587,서울특별시,용산구,
588,서울특별시,용산구,이촌동
589,서울특별시,용산구,청파동
590,서울특별시,용산구,한강로
591,서울특별시,용산구,이태원
592,서울특별시,용산구,동자동
593,서울특별시,용산구,원효로
594,서울특별시,용산구,동자동
595,서울특별시,용산구,한강로
596,서울특별시,중랑구,상봉동
597,서울특별시,중랑구,상봉동
598,서울특별시,중랑구,
599,서울특별시,중랑구,
600,서울특별시,중랑구,상봉동
601,서울특별시,중랑구,"묵동,"
602,서울특별시,중랑구,망우동
603,서울특별시,중랑구,
604,경기도,가평군,
605,경기도,가평군,
606,경기도,고양시,장항동
607,경기도,고양시,풍동)
608,경기도,고양시,식사동
609,경기도,고양시,풍동)
610,경기도,고양시,백석동
611,경기도,고양시,식사동
612,경기도,고양시,중산동
613,경기도,고양시,백석동
614,경기도,고양시,백석동
615,경기도,고양시,장항동
616,경기도,고양시,마두동
617,경기도,고양시,장항동
618,경기도,고양시,장항동
619,경기도,고양시,장항동
620,경기도,고양시,풍동)
621,경기도,고양시,중산동
622,경기도,과천시,중앙동
623,경기도,과천시,별양동
624,경기도,과천시,중앙동
625,경기도,광명시,하안동
626,경기도,광명시,철산동
627,경기도,광명시,일직동
628,경기도,광명시,소하동
629,경기도,광명시,소하동
630,경기도,광명시,광명동
631,경기도,광명시,철산1
632,경기도,광명시,하안동
633,경기도,광명시,철산동
634,경기도,광명시,일직동
635,경기도,광명시,일직동
636,경기도,광주시,쌍령동
637,경기도,광주시,
638,경기도,광주시,송정동
639,경기도,광주시,경안동
640,경기도,광주시,
641,경기도,광주시,
642,경기도,구리시,갈매동
643,경기도,구리시,수택동
644,경기도,구리시,수택동
645,경기도,구리시,인창동
646,경기도,구리시,수택동
647,경기도,구리시,토평동
648,경기도,군포시,
649,경기도,군포시,산본동
650,경기도,군포시,산본동
651,경기도,군포시,
652,경기도,군포시,금정동
653,경기도,군포시,산본동
654,경기도,남양주시,다산동
655,경기도,남양주시,
656,경기도,남양주시,다산동
657,경기도,남양주시,다산동
658,경기도,남양주시,
659,경기도,남양주시,
660,경기도,남양주시,별내동
661,경기도,남양주시,
662,경기도,남양주시,
663,경기도,남양주시,호평동
664,경기도,남양주시,
665,경기도,남양주시,
666,경기도,남양주시,다산동
667,경기도,남양주시,
668,경기도,남양주시,다산동
669,경기도,남양주시,별내동
670,경기도,남양주시,삼패동
671,경기도,성남시,삼평동
672,경기도,성남시,백현동
673,경기도,성남시,삼평동
674,경기도,성남시,야탑동
675,경기도,성남시,이매동
676,경기도,성남시,율동)
677,경기도,성남시,정자동
678,경기도,성남시,백현동
679,경기도,성남시,운중동
680,경기도,성남시,삼평동
681,경기도,성남시,삼평동
682,경기도,성남시,서현동
683,경기도,성남시,구미동
684,경기도,성남시,수내동
685,경기도,성남시,정자동
686,경기도,성남시,서현동
687,경기도,성남시,야탑동
688,경기도,성남시,금곡동
689,경기도,성남시,수내동
690,경기도,성남시,정자동
691,경기도,성남시,서현동
692,경기도,성남시,야탑동
693,경기도,성남시,정자동
694,경기도,성남시,구미동
695,경기도,성남시,구미동
696,경기도,성남시,서현동
697,경기도,성남시,서현동
698,경기도,성남시,구미동
699,경기도,성남시,정자동
700,경기도,성남시,수내동
701,경기도,성남시,정자동
702,경기도,성남시,정자동
703,경기도,성남시,삼평동
704,경기도,성남시,구미동
705,경기도,성남시,삼평동
706,경기도,성남시,정자동
707,경기도,성남시,구미동
708,경기도,성남시,서현동
709,경기도,성남시,백현동
710,경기도,성남시,정자동
711,경기도,성남시,궁내동
712,경기도,성남시,야탑동
713,경기도,성남시,금광동
714,경기도,성남시,중앙동
715,경기도,성남시,성남동
716,경기도,수원시,금곡동
717,경기도,수원시,세류동
718,경기도,수원시,금곡동
719,경기도,수원시,오목천
720,경기도,수원시,권선동
721,경기도,수원시,권선동
722,경기도,수원시,세류동
723,경기도,수원시,서둔동
724,경기도,수원시,연무동
725,경기도,수원시,파장동
726,경기도,수원시,천천동
727,경기도,수원시,율전동
728,경기도,수원시,정자동
729,경기도,수원시,송죽동
730,경기도,수원시,인계동
731,경기도,수원시,인계동
732,경기도,수원시,인계동
733,경기도,수원시,인계동
734,경기도,수원시,매산로
735,경기도,수원시,우만동
736,경기도,수원시,인계동
737,경기도,수원시,우만동
738,경기도,수원시,인계동
739,경기도,수원시,매산로
740,경기도,시흥시,대야동
741,경기도,시흥시,정왕동
742,경기도,시흥시,대야동
743,경기도,시흥시,정왕동
744,경기도,시흥시,대야동
745,경기도,시흥시,정왕동
746,경기도,시흥시,정왕동
747,경기도,시흥시,정왕동
748,경기도,시흥시,월곶동
749,경기도,시흥시,장곡동
750,경기도,시흥시,능곡동
751,경기도,시흥시,조남동
752,경기도,시흥시,은행동
753,경기도,안산시,고잔동
754,경기도,안산시,고잔동
755,경기도,안산시,초지동
756,경기도,안산시,고잔동
757,경기도,안산시,고잔동
758,경기도,안산시,고잔동
759,경기도,안산시,신길동
760,경기도,안성시,석정동
761,경기도,안성시,
762,경기도,안성시,
763,경기도,안성시,계동)
764,경기도,안성시,
765,경기도,안양시,호계동
766,경기도,안양시,관양동
767,경기도,안양시,호계동
768,경기도,안양시,비산동
769,경기도,안양시,호계동
770,경기도,안양시,호계동
771,경기도,안양시,호계동
772,경기도,안양시,관양동
773,경기도,안양시,관양동
774,경기도,안양시,비산동
775,경기도,안양시,관양동
776,경기도,안양시,호계동
777,경기도,안양시,관양동
778,경기도,안양시,호계동
779,경기도,안양시,비산동
780,경기도,안양시,안양동
781,경기도,안양시,
782,경기도,안양시,안양동
783,경기도,안양시,석수동
784,경기도,안양시,안양동
785,경기도,양주시,옥정동
786,경기도,양주시,
787,경기도,양주시,덕정동
788,경기도,양주시,고읍동
789,경기도,양주시,광사동
790,경기도,양주시,광사동
791,경기도,양주시,옥정동
792,경기도,양주시,회정동
793,경기도,오산시,외삼미
794,경기도,오산시,금암동
795,경기도,오산시,갈곶동
796,경기도,오산시,원동)
797,경기도,오산시,
798,경기도,오산시,원동)
799,경기도,오산시,외삼미
800,경기도,오산시,수청동
801,경기도,용인시,중동)
802,경기도,용인시,상하동
803,경기도,용인시,언남동
804,경기도,용인시,구갈동
805,경기도,용인시,고매동
806,경기도,용인시,보라동
807,경기도,용인시,상하동
808,경기도,용인시,
809,경기도,용인시,신갈동
810,경기도,용인시,
811,경기도,용인시,보정동
812,경기도,용인시,보정동
813,경기도,용인시,구갈동
814,경기도,용인시,영덕동
815,경기도,용인시,농서동
816,경기도,용인시,보정동
817,경기도,용인시,보라동
818,경기도,용인시,중동)
819,경기도,용인시,신갈동
820,경기도,용인시,김량장
821,경기도,용인시,
822,경기도,용인시,
823,경기도,용인시,김량장
824,경기도,용인시,
825,경기도,용인시,마평동
826,경기도,용인시,역북동
827,경기도,용인시,
828,경기도,의왕시,청계동
829,경기도,의왕시,포일동
830,경기도,의왕시,내손동
831,경기도,의왕시,학의동
832,경기도,의왕시,삼동)
833,경기도,의정부시,의정부
834,경기도,의정부시,신곡동
835,경기도,의정부시,용현동
836,경기도,의정부시,의정부
837,경기도,의정부시,민락동
838,경기도,의정부시,호원동
839,경기도,의정부시,가능동
840,경기도,의정부시,금오동
841,경기도,의정부시,의정부
842,경기도,의정부시,의정부
843,경기도,의정부시,용현동
844,경기도,의정부시,민락동
845,경기도,의정부시,장암동
846,경기도,의정부시,민락동
847,경기도,이천시,증포동
848,경기도,이천시,사음동
849,경기도,이천시,
850,경기도,이천시,중리동
851,경기도,포천시,선단동
852,경기도,포천시,
853,경기도,포천시,
854,경기도,하남시,망월동
855,경기도,하남시,풍산동
856,경기도,하남시,학암동
857,경기도,하남시,망월동
858,경기도,하남시,덕풍동
859,경기도,하남시,망월동
860,경기도,하남시,신장동
861,경기도,하남시,신장동
862,경기도,하남시,신장동
863,경기도,하남시,
864,경기도,하남시,신장동
865,경기도,하남시,신장동
866,경기도,하남시,덕풍동
867,경기도,하남시,감이동
868,경기도,하남시,망월동
869,경기도,하남시,망월동
870,경기도,화성시,
871,경기도,화성시,
872,경기도,화성시,
873,경기도,화성시,청계동
874,경기도,화성시,능동)
875,경기도,화성시,오산동
876,경기도,화성시,진안동
877,경기도,화성시,영천동
878,경기도,화성시,반월동
879,경기도,화성시,
880,경기도,화성시,반송동
881,경기도,화성시,반송동
882,경기도,화성시,석우동
883,경기도,화성시,송동)
884,경기도,화성시,
885,경기도,화성시,기안동
886,경기도,화성시,목동)
887,경기도,화성시,반월동
888,경기도,화성시,오산동
889,경기도,화성시,오산동
890,경기도,화성시,오산동
891,경기도,화성시,
892,경기도,화성시,새솔동
893,경기도,화성시,반송동
894,경기도,화성시,영천동
895,경기도,화성시,
896,경기도,화성시,안녕동
897,경기도,화성시,영천동
898,경기도,화성시,
899,경기도,화성시,
900,경기도,화성시,송동)
901,경기도,고양시,삼송동
902,경기도,고양시,원흥동
903,경기도,고양시,동산동
904,경기도,고양시,동산동
905,경기도,고양시,
906,경기도,고양시,고양동
907,경기도,고양시,행신동
908,경기도,고양시,주교동
909,경기도,고양시,화정동
910,경기도,고양시,화정동
911,경기도,고양시,덕은동
912,경기도,고양시,행신동
913,경기도,고양시,원흥동
914,경기도,고양시,향동동
915,경기도,고양시,지축동
916,경기도,고양시,화정동
917,경기도,성남시,신흥동
918,경기도,성남시,창곡동
919,경기도,성남시,태평1
920,경기도,성남시,시흥동
921,경기도,성남시,수진동
922,경기도,성남시,창곡동
923,경기도,여주시,점봉동
924,경기도,여주시,상거동
925,경기도,여주시,상거동
926,경기도,여주시,
927,경기도,평택시,비전동
928,경기도,평택시,서정동
929,경기도,평택시,
930,경기도,평택시,평택동
931,경기도,평택시,평택동
932,경기도,평택시,서정동
933,경기도,평택시,독곡동
934,경기도,평택시,이충동
935,경기도,평택시,죽백동
936,경기도,평택시,
937,경기도,평택시,용이동
938,경기도,평택시,
939,경기도,평택시,지제동
940,경기도,평택시,세교동
941,경기도,평택시,비전동
942,경기도,고양시,주엽동
943,경기도,고양시,대화동
944,경기도,고양시,덕이동
945,경기도,고양시,덕이동
946,경기도,고양시,일산동
947,경기도,고양시,
948,경기도,고양시,일산위
949,경기도,고양시,대화동
950,경기도,고양시,주엽동
951,경기도,고양시,대화동
952,경기도,고양시,주엽동
953,경기도,고양시,탄현동
954,경기도,김포시,풍무동
955,경기도,김포시,
956,경기도,김포시,장기동
957,경기도,김포시,구래동
958,경기도,김포시,장기동
959,경기도,김포시,감정동
960,경기도,김포시,
961,경기도,김포시,
962,경기도,김포시,풍무동
963,경기도,김포시,사우동
964,경기도,김포시,장기동
965,경기도,김포시,
966,경기도,김포시,
967,경기도,김포시,
968,경기도,김포시,걸포동
969,경기도,김포시,마산동
970,경기도,부천시,상동)
971,경기도,부천시,옥길동
972,경기도,부천시,옥길동
973,경기도,부천시,심곡동
974,경기도,부천시,상동)
975,경기도,부천시,중동)
976,경기도,부천시,중동)
977,경기도,부천시,중동)
978,경기도,부천시,
979,경기도,부천시,중동)
980,경기도,부천시,중동)
981,경기도,부천시,중동)
982,경기도,부천시,상동)
983,경기도,부천시,상동)
984,경기도,부천시,심곡동
985,경기도,부천시,상동)
986,경기도,부천시,중동)
987,경기도,부천시,심곡본
988,경기도,부천시,옥길동
989,경기도,부천시,상동)
990,경기도,부천시,원종동
991,경기도,부천시,"중동,"
992,경기도,부천시,춘의동
993,경기도,부천시,중동)
994,경기도,부천시,소사본
995,경기도,수원시,하동)
996,경기도,수원시,하동)
997,경기도,수원시,이의동
998,경기도,수원시,이의동
999,경기도,수원시,영통동
1000,경기도,수원시,
1001,경기도,수원시,이의동
1002,경기도,수원시,신동)
1003,경기도,수원시,영통동
1004,경기도,수원시,망포동
1005,경기도,수원시,이의동
1006,경기도,수원시,영통동
1007,경기도,수원시,원천동
1008,경기도,수원시,영통동
1009,경기도,수원시,하동)
1010,경기도,안산시,사동)
1011,경기도,안산시,이동)
1012,경기도,안산시,이동)
1013,경기도,양평군,
1014,경기도,양평군,
1015,경기도,용인시,죽전동
1016,경기도,용인시,죽전동
1017,경기도,용인시,
1018,경기도,용인시,죽전동
1019,경기도,용인시,성복동
1020,경기도,용인시,상현동
1021,경기도,용인시,죽전동
1022,경기도,용인시,죽전동
1023,경기도,용인시,신봉동
1024,경기도,용인시,풍덕천
1025,경기도,용인시,풍덕천
1026,경기도,용인시,성복동
1027,경기도,파주시,
1028,경기도,파주시,
1029,경기도,파주시,금촌동
1030,경기도,파주시,금촌동
1031,경기도,파주시,
1032,경기도,파주시,
1033,경기도,파주시,봉서리
1034,경기도,파주시,와동동
1035,경기도,파주시,목동동
1036,경기도,파주시,야당동
1037,경기도,파주시,동패동
1038,경기도,동두천시,지행동
1039,경기도,동두천시,지행동
1040,경기도,동두천시,송내동
1041,광주광역시,광산구,운남동
1042,광주광역시,광산구,
1043,광주광역시,광산구,산정동
1044,광주광역시,광산구,산정동
1045,광주광역시,광산구,송정동
1046,광주광역시,광산구,수완동
1047,광주광역시,광산구,신가동
1048,광주광역시,광산구,쌍암동
1049,광주광역시,광산구,장덕동
1050,광주광역시,광산구,우산동
1051,광주광역시,광산구,월계동
1052,광주광역시,광산구,수완동
1053,광주광역시,광산구,신창동
1054,광주광역시,광산구,산월동
1055,광주광역시,광산구,비아동
1056,광주광역시,광산구,송정동
1057,광주광역시,남구,월산동
1058,광주광역시,남구,주월동
1059,광주광역시,남구,임암동
1060,광주광역시,남구,봉선동
1061,광주광역시,남구,진월동
1062,광주광역시,남구,방림동
1063,광주광역시,남구,봉선동
1064,광주광역시,남구,주월동
1065,광주광역시,남구,봉선동
1066,광주광역시,남구,봉선동
1067,광주광역시,동구,동명동
1068,광주광역시,동구,동명동
1069,광주광역시,동구,용산동
1070,광주광역시,동구,산수동
1071,광주광역시,동구,황금동
1072,광주광역시,동구,금남로
1073,광주광역시,동구,충장로
1074,광주광역시,동구,서석동
1075,광주광역시,동구,불로동
1076,광주광역시,북구,오치동
1077,광주광역시,북구,연제동
1078,광주광역시,북구,신안동
1079,광주광역시,북구,매곡동
1080,광주광역시,북구,두암동
1081,광주광역시,북구,일곡동
1082,광주광역시,북구,중흥동
1083,광주광역시,북구,신용동
1084,광주광역시,북구,신용동
1085,광주광역시,북구,용봉동
1086,광주광역시,북구,용봉동
1087,광주광역시,북구,문흥동
1088,광주광역시,북구,두암동
1089,광주광역시,서구,화정동
1090,광주광역시,서구,쌍촌동
1091,광주광역시,서구,
1092,광주광역시,서구,치평동
1093,광주광역시,서구,치평동
1094,광주광역시,서구,풍암동
1095,광주광역시,서구,쌍촌동
1096,광주광역시,서구,치평동
1097,광주광역시,서구,동천동
1098,광주광역시,서구,
1099,광주광역시,서구,치평동
1100,광주광역시,서구,치평동
1101,광주광역시,서구,치평동
1102,광주광역시,서구,화정동
1103,광주광역시,서구,풍암동
1104,광주광역시,서구,매월동
1105,대구광역시,남구,봉덕동
1106,대구광역시,남구,대명동
1107,대구광역시,남구,대명동
1108,대구광역시,남구,대명동
1109,대구광역시,달서구,신당동
1110,대구광역시,달서구,
1111,대구광역시,달서구,상인동
1112,대구광역시,달서구,두류동
1113,대구광역시,달서구,송현동
1114,대구광역시,달서구,진천동
1115,대구광역시,달서구,도원동
1116,대구광역시,달서구,월성동
1117,대구광역시,달서구,
1118,대구광역시,달서구,
1119,대구광역시,달서구,
1120,대구광역시,달서구,상인동
1121,대구광역시,달서구,두류동
1122,대구광역시,달서구,상인동
1123,대구광역시,달서구,신당동
1124,대구광역시,달서구,이곡동
1125,대구광역시,달서구,성당동
1126,대구광역시,달서구,두류동
1127,대구광역시,달서구,대천동
1128,대구광역시,동구,
1129,대구광역시,동구,
1130,대구광역시,동구,신천동
1131,대구광역시,동구,
1132,대구광역시,동구,봉무동
1133,대구광역시,동구,신천동
1134,대구광역시,동구,효목동
1135,대구광역시,동구,신서동
1136,대구광역시,동구,봉무동
1137,대구광역시,동구,율하동
1138,대구광역시,동구,
1139,대구광역시,서구,평리1
1140,대구광역시,수성구,만촌동
1141,대구광역시,수성구,범어동
1142,대구광역시,수성구,황금동
1143,대구광역시,수성구,두산동
1144,대구광역시,수성구,수성동
1145,대구광역시,수성구,수성동
1146,대구광역시,수성구,중동)
1147,대구광역시,수성구,중동)
1148,대구광역시,수성구,상동)
1149,대구광역시,수성구,지산동
1150,대구광역시,수성구,범어동
1151,대구광역시,수성구,신매동
1152,대구광역시,수성구,만촌동
1153,대구광역시,수성구,수성동
1154,대구광역시,수성구,범물동
1155,대구광역시,수성구,두산동
1156,대구광역시,수성구,두산동
1157,대구광역시,수성구,범어동
1158,대구광역시,수성구,두산동
1159,대구광역시,수성구,상동)
1160,대구광역시,수성구,만촌동
1161,대구광역시,중구,문화동
1162,대구광역시,중구,계산동
1163,대구광역시,중구,남일동
1164,대구광역시,중구,동인동
1165,대구광역시,중구,덕산동
1166,대구광역시,중구,동성로
1167,대구광역시,중구,삼덕동
1168,대구광역시,중구,종로2
1169,대구광역시,중구,덕산동
1170,대구광역시,중구,동성로
1171,대구광역시,북구,칠성동
1172,대구광역시,북구,산격동
1173,대구광역시,북구,태전동
1174,대구광역시,북구,
1175,대구광역시,북구,침산동
1176,대구광역시,북구,구암동
1177,대구광역시,북구,산격동
1178,대구광역시,북구,복현동
1179,칠곡중앙대로,631,
1180,대구광역시,북구,칠성동
1181,대구광역시,북구,사수동
1182,대구광역시,달성군,
1183,대구광역시,달성군,다사읍
1184,대전광역시,대덕구,중리동
1185,대전광역시,대덕구,비래동
1186,대전광역시,대덕구,석봉동
1187,대전광역시,대덕구,송촌동
1188,대전광역시,대덕구,신탄진
1189,대전광역시,동구,성남동
1190,대전광역시,동구,판암동
1191,대전광역시,동구,용전동
1192,대전광역시,동구,가오동
1193,대전광역시,동구,용전동
1194,대전광역시,동구,판암동
1195,대전광역시,동구,용전동
1196,대전광역시,서구,둔산동
1197,대전광역시,서구,관저동
1198,대전광역시,서구,탄방동
1199,대전광역시,서구,복수동
1200,대전광역시,서구,탄방동
1201,대전광역시,서구,둔산동
1202,대전광역시,서구,둔산동
1203,대전광역시,서구,가수원
1204,대전광역시,서구,용문동
1205,대전광역시,서구,관저동
1206,대전광역시,서구,둔산동
1207,대전광역시,서구,도안동
1208,대전광역시,서구,둔산동
1209,대전광역시,서구,만년동
1210,대전광역시,서구,탄방동
1211,대전광역시,서구,월평동
1212,대전광역시,서구,둔산동
1213,대전광역시,서구,탄방동
1214,대전광역시,서구,둔산동
1215,대전광역시,서구,둔산동
1216,대전광역시,서구,월평동
1217,대전광역시,서구,둔산동
1218,대전광역시,서구,갈마동
1219,대전광역시,서구,용문동
1220,대전광역시,유성구,반석동
1221,대전광역시,유성구,봉명동
1222,대전광역시,유성구,장대동
1223,대전광역시,유성구,어은동
1224,대전광역시,유성구,지족동
1225,대전광역시,유성구,봉명동
1226,대전광역시,유성구,전민동
1227,대전광역시,유성구,
1228,대전광역시,유성구,
1229,대전광역시,유성구,지족동
1230,대전광역시,유성구,궁동)
1231,대전광역시,유성구,관평동
1232,대전광역시,유성구,문지동
1233,대전광역시,유성구,도룡동
1234,대전광역시,유성구,용산동
1235,대전광역시,유성구,봉명동
1236,대전광역시,유성구,구암동
1237,대전광역시,유성구,도룡동
1238,대전광역시,유성구,도룡동
1239,대전광역시,중구,대사동
1240,대전광역시,중구,태평동
1241,대전광역시,중구,유천동
1242,대전광역시,중구,은행동
1243,대전광역시,중구,문화동
1244,대전광역시,중구,은행동
1245,대전광역시,중구,목동)
1246,부산광역시,금정구,남산동
1247,부산광역시,금정구,부곡동
1248,부산광역시,금정구,장전동
1249,부산광역시,금정구,장전동
1250,부산광역시,금정구,장전동
1251,부산광역시,금정구,구서동
1252,부산광역시,금정구,구서동
1253,부산광역시,금정구,서동)
1254,부산광역시,남구,용호동
1255,부산광역시,남구,용당동
1256,부산광역시,남구,문현동
1257,부산광역시,남구,대연동
1258,부산광역시,남구,대연동
1259,부산광역시,남구,대연동
1260,부산광역시,동구,초량동
1261,부산광역시,동구,초량동
1262,부산광역시,동구,초량동
1263,부산광역시,동구,범일동
1264,부산광역시,부산진구,부전동
1265,부산광역시,부산진구,부전동
1266,부산광역시,부산진구,전포동
1267,부산광역시,부산진구,양정동
1268,부산광역시,부산진구,가야제
1269,부산광역시,부산진구,개금동
1270,부산광역시,부산진구,전포동
1271,부산광역시,부산진구,부전동
1272,부산광역시,부산진구,부전동
1273,부산광역시,부산진구,부전동
1274,부산광역시,부산진구,부전동
1275,부산광역시,부산진구,부전동
1276,부산광역시,부산진구,부전동
1277,부산광역시,부산진구,부전동
1278,부산광역시,부산진구,부전동
1279,부산광역시,부산진구,부암동
1280,부산광역시,부산진구,초읍동
1281,부산광역시,부산진구,범천동
1282,부산광역시,부산진구,부전동
1283,부산광역시,북구,덕천동
1284,부산광역시,북구,화명동
1285,부산광역시,북구,덕천동
1286,부산광역시,북구,구포동
1287,부산광역시,북구,만덕동
1288,부산광역시,사상구,주례동
1289,부산광역시,사상구,주례동
1290,부산광역시,사상구,괘법동
1291,부산광역시,사상구,괘법동
1292,부산광역시,사상구,삼락동
1293,부산광역시,사상구,엄궁동
1294,부산광역시,사상구,괘법동
1295,부산광역시,사하구,다대동
1296,부산광역시,사하구,하단동
1297,부산광역시,사하구,다대동
1298,부산광역시,사하구,하단동
1299,부산광역시,사하구,괴정동
1300,부산광역시,사하구,하단동
1301,부산광역시,사하구,장림동
1302,부산광역시,연제구,거제동
1303,부산광역시,연제구,연산동
1304,부산광역시,연제구,거제제
1305,부산광역시,연제구,연산동
1306,부산광역시,연제구,연산동
1307,부산광역시,연제구,거제동
1308,부산광역시,연제구,
1309,부산광역시,연제구,연산동
1310,부산광역시,연제구,연산동
1311,부산광역시,영도구,청학동
1312,부산광역시,영도구,대교동
1313,부산광역시,중구,광복동
1314,부산광역시,중구,남포동
1315,부산광역시,중구,대청동
1316,부산광역시,중구,중앙동
1317,부산광역시,중구,남포동
1318,부산광역시,중구,광복동
1319,부산광역시,기장군,
1320,부산광역시,기장군,
1321,부산광역시,기장군,
1322,부산광역시,기장군,175
1323,부산광역시,기장군,
1324,부산광역시,기장군,
1325,부산광역시,수영구,민락동
1326,부산광역시,수영구,광안동
1327,부산광역시,수영구,남천동
1328,부산광역시,수영구,광안동
1329,부산광역시,수영구,망미동
1330,부산광역시,수영구,민락동
1331,부산광역시,수영구,남천동
1332,부산광역시,수영구,민락동
1333,부산광역시,강서구,
1334,부산광역시,강서구,명지동
1335,부산광역시,강서구,명지동
1336,부산광역시,강서구,명지동
1337,부산광역시,강서구,명지동
1338,부산광역시,동래구,
1339,부산광역시,동래구,
1340,부산광역시,동래구,사직동
1341,부산광역시,동래구,안락동
1342,부산광역시,동래구,온천동
1343,부산광역시,동래구,사직동
1344,부산광역시,동래구,온천동
1345,부산광역시,동래구,명륜동
1346,부산광역시,동래구,온천동
1347,부산광역시,서구,101
1348,부산광역시,서구,부민동
1349,부산광역시,서구,동대신
1350,부산광역시,서구,동대신
1351,부산광역시,해운대구,"우동,"
1352,부산광역시,해운대구,반여동
1353,부산광역시,해운대구,재송동
1354,부산광역시,해운대구,우동)
1355,부산광역시,해운대구,재송동
1356,부산광역시,해운대구,중동)
1357,부산광역시,해운대구,우동)
1358,부산광역시,해운대구,우동)
1359,부산광역시,해운대구,중동)
1360,부산광역시,해운대구,우동)
1361,부산광역시,해운대구,송정동
1362,부산광역시,해운대구,좌동)
1363,부산광역시,해운대구,우동)
1364,부산광역시,해운대구,우동)
1365,부산광역시,해운대구,우동)
1366,부산광역시,해운대구,중동)
1367,부산광역시,해운대구,좌동)
1368,부산광역시,해운대구,우동)
1369,부산광역시,해운대구,우동)
1370,부산광역시,해운대구,우동)
1371,부산광역시,해운대구,중동)
1372,부산광역시,해운대구,중동)
1373,부산광역시,해운대구,우동)
1374,부산광역시,해운대구,우동)
1375,부산광역시,해운대구,우동)
1376,부산광역시,해운대구,좌동)
1377,부산광역시,해운대구,좌동)
1378,부산광역시,해운대구,
1379,부산광역시,해운대구,우동)
1380,부산광역시,해운대구,중동)
1381,부산광역시,해운대구,우동)
1382,부산광역시,해운대구,중동)
1383,울산광역시,남구,달동)
1384,울산광역시,남구,옥동)
1385,울산광역시,남구,야음동
1386,울산광역시,남구,달동)
1387,울산광역시,남구,신정동
1388,울산광역시,남구,삼산동
1389,울산광역시,남구,달동)
1390,울산광역시,남구,삼산동
1391,울산광역시,남구,무거동
1392,울산광역시,남구,삼산동
1393,울산광역시,남구,무거동
1394,울산광역시,남구,달동)
1395,울산광역시,남구,삼산동
1396,울산광역시,남구,달동)
1397,울산광역시,남구,달동)
1398,울산광역시,남구,신정동
1399,울산광역시,북구,신천동
1400,울산광역시,북구,연암동
1401,울산광역시,북구,진장동
1402,울산광역시,북구,산하동
1403,울산광역시,북구,화봉동
1404,울산광역시,북구,진장동
1405,울산광역시,울주군,
1406,울산광역시,울주군,
1407,울산광역시,중구,복산동
1408,울산광역시,중구,성안동
1409,울산광역시,중구,성남동
1410,울산광역시,중구,약사동
1411,울산광역시,중구,태화동
1412,울산광역시,동구,서부동
1413,울산광역시,동구,일산동
1414,울산광역시,동구,일산동
1415,울산광역시,동구,서부동
1416,울산광역시,동구,서부동
1417,울산광역시,동구,주전동
1418,인천광역시,강화군,
1419,인천광역시,계양구,작전동
1420,인천광역시,계양구,계산동
1421,인천광역시,계양구,작전동
1422,인천광역시,계양구,계산동
1423,인천광역시,계양구,서운동
1424,인천광역시,계양구,용종동
1425,인천광역시,미추홀구,학익동
1426,인천광역시,미추홀구,용현동
1427,인천광역시,미추홀구,주안동
1428,인천광역시,미추홀구,용현동
1429,인천광역시,미추홀구,관교동
1430,인천광역시,미추홀구,숭의동
1431,인천광역시,미추홀구,주안동
1432,인천광역시,미추홀구,도화동
1433,인천광역시,미추홀구,용현동
1434,인천광역시,미추홀구,문학동
1435,인천광역시,미추홀구,문학동
1436,인천광역시,미추홀구,주안동
1437,인천광역시,동구,송림동
1438,인천광역시,부평구,갈산동
1439,인천광역시,부평구,삼산동
1440,인천광역시,부평구,부평동
1441,인천광역시,부평구,부평동
1442,인천광역시,부평구,부평동
1443,인천광역시,부평구,부평동
1444,인천광역시,부평구,갈산동
1445,인천광역시,부평구,부평동
1446,인천광역시,연수구,동춘동
1447,인천광역시,연수구,동춘동
1448,인천광역시,연수구,송도동
1449,인천광역시,연수구,송도동
1450,인천광역시,연수구,송도동
1451,인천광역시,연수구,연수동
1452,인천광역시,연수구,송도동
1453,인천광역시,연수구,송도동
1454,인천광역시,연수구,송도동
1455,인천광역시,연수구,동춘동
1456,인천광역시,연수구,송도동
1457,인천광역시,연수구,옥련동
1458,인천광역시,연수구,송도동
1459,인천광역시,연수구,송도동
1460,인천광역시,연수구,송도동
1461,인천광역시,서구,마전동
1462,인천광역시,서구,청라동
1463,인천광역시,서구,청라동
1464,인천광역시,서구,당하동
1465,인천광역시,서구,
1466,인천광역시,서구,심곡동
1467,인천광역시,서구,청라동
1468,인천광역시,서구,가정동
1469,인천광역시,서구,공촌동
1470,인천광역시,서구,청라동
1471,인천광역시,서구,원당동
1472,인천광역시,남동구,간석동
1473,인천광역시,남동구,구월동
1474,인천광역시,남동구,구월동
1475,인천광역시,남동구,서창동
1476,인천광역시,남동구,간석동
1477,인천광역시,남동구,구월동
1478,인천광역시,남동구,구월동
1479,인천광역시,남동구,구월동
1480,인천광역시,남동구,구월동
1481,인천광역시,남동구,논현동
1482,인천광역시,남동구,구월동
1483,인천광역시,남동구,간석동
1484,인천광역시,중구,중산동
1485,인천광역시,중구,운서동
1486,인천광역시,중구,운서동
1487,인천광역시,중구,운서동
1488,인천광역시,중구,운서동
1489,인천광역시,중구,운서동
1490,인천광역시,중구,운서동
1491,강원도,동해시,천곡동
1492,강원도,동해시,평릉동
1493,강원도,속초시,장사동
1494,강원도,속초시,조양동
1495,강원도,속초시,금호동
1496,강원도,속초시,교동)
1497,강원도,춘천시,
1498,강원도,춘천시,후평동
1499,강원도,춘천시,석사동
1500,강원도,춘천시,중앙로
1501,강원도,춘천시,온의동
1502,강원도,춘천시,효자동
1503,강원도,춘천시,퇴계동
1504,강원도,춘천시,온의동
1505,강원도,홍천군,
1506,강원도,홍천군,
1507,강원도,강릉시,송정동
1508,강원도,강릉시,강문동
1509,강원도,강릉시,교동)
1510,강원도,강릉시,임당동
1511,강원도,강릉시,견소동
1512,강원도,강릉시,교동)
1513,강원도,고성군,
1514,강원도,원주시,반곡동
1515,강원도,원주시,명륜동
1516,강원도,원주시,무실동
1517,강원도,원주시,반곡동
1518,강원도,원주시,단계동
1519,강원도,원주시,
1520,강원도,원주시,태장동
1521,강원도,원주시,단구동
1522,경상남도,김해시,구산동
1523,경상남도,김해시,
1524,경상남도,김해시,
1525,경상남도,김해시,
1526,경상남도,김해시,
1527,경상남도,김해시,외동)
1528,경상남도,김해시,관동동
1529,경상남도,김해시,삼계동
1530,경상남도,김해시,내동)
1531,경상남도,김해시,명법동
1532,경상남도,김해시,
1533,경상남도,김해시,동상동
1534,경상남도,김해시,대청동
1535,경상남도,김해시,장유동
1536,경상남도,김해시,
1537,경상남도,김해시,율하동
1538,경상남도,김해시,내동)
1539,경상남도,밀양시,삼문동
1540,경상남도,사천시,
1541,경상남도,사천시,벌리동
1542,경상남도,진주시,
1543,경상남도,진주시,주약동
1544,경상남도,진주시,중안동
1545,경상남도,진주시,신안동
1546,경상남도,진주시,가좌동
1547,경상남도,진주시,초전동
1548,경상남도,진주시,충무공
1549,경상남도,진주시,칠암동
1550,경상남도,창원시,회원동
1551,경상남도,창원시,상남동
1552,경상남도,창원시,석전동
1553,경상남도,창원시,오동동
1554,경상남도,창원시,자은동
1555,경상남도,창원시,팔용동
1556,경상남도,창원시,
1557,경상남도,창원시,귀곡동
1558,경상남도,창원시,합성동
1559,경상남도,창원시,합성동
1560,경상남도,창원시,
1561,경상남도,창원시,용원동
1562,경상남도,창원시,상남동
1563,경상남도,창원시,상남동
1564,경상남도,창원시,상남동
1565,경상남도,창원시,산호동
1566,경상남도,창원시,대원동
1567,경상남도,창원시,해운동
1568,경상남도,창원시,용호동
1569,경상남도,창원시,월남동
1570,경상남도,창원시,봉암동
1571,경상남도,창원시,경화동
1572,경상남도,창원시,반림동
1573,경상남도,창원시,중동)
1574,경상남도,창원시,양덕동
1575,경상남도,창원시,사림동
1576,경상남도,창원시,용원동
1577,경상남도,창원시,가음정
1578,경상남도,창원시,사파동
1579,경상남도,창원시,장천동
1580,경상남도,창원시,명서동
1581,경상남도,창원시,
1582,경상남도,통영시,
1583,경상남도,거제시,수월동
1584,경상남도,거제시,고현동
1585,경상남도,거제시,
1586,경상남도,거제시,옥포동
1587,경상남도,거제시,장평동
1588,경상남도,양산시,
1589,경상남도,양산시,
1590,경상남도,양산시,
1591,경상남도,양산시,덕계동
1592,경상남도,양산시,중부동
1593,경상남도,양산시,
1594,경상남도,양산시,중부동
1595,경상남도,양산시,
1596,경상북도,경산시,중방동
1597,경상북도,경산시,대동)
1598,경상북도,경산시,조영동
1599,경상북도,경산시,대동)
1600,경상북도,경산시,
1601,경상북도,경산시,중산동
1602,경상북도,경산시,
1603,경상북도,경산시,계양동
1604,경상북도,경산시,중산동
1605,경상북도,경산시,
1606,경상북도,경주시,천군동
1607,경상북도,경주시,사정동
1608,경상북도,경주시,황성동
1609,경상북도,경주시,황남동
1610,경상북도,경주시,북군동
1611,경상북도,경주시,노동동
1612,경상북도,경주시,신평동
1613,경상북도,경주시,용강동
1614,경상북도,구미시,상모동
1615,경상북도,구미시,도량동
1616,경상북도,구미시,양포동
1617,경상북도,구미시,송정동
1618,경상북도,구미시,인의동
1619,경상북도,구미시,남통동
1620,경상북도,구미시,원평동
1621,경상북도,구미시,황상동
1622,경상북도,구미시,공단동
1623,경상북도,구미시,광평동
1624,경상북도,구미시,
1625,경상북도,구미시,
1626,경상북도,상주시,무양동
1627,경상북도,예천군,
1628,경상북도,포항시,상도동
1629,경상북도,포항시,
1630,경상북도,포항시,대잠동
1631,경상북도,포항시,인덕동
1632,경상북도,포항시,대잠동
1633,경상북도,포항시,이동)
1634,경상북도,포항시,대도동
1635,경상북도,포항시,동촌동
1636,경상북도,문경시,
1637,경상북도,김천시,율곡동
1638,경상북도,김천시,대신동
1639,경상북도,안동시,옥동)
1640,경상북도,안동시,수상동
1641,경상북도,안동시,삼산동
1642,경상북도,안동시,법흥동
1643,경상북도,안동시,옥동)
1644,경상북도,영천시,완산동
1645,경상북도,포항시,
1646,경상북도,포항시,장성동
1647,경상북도,포항시,양덕동
1648,경상북도,포항시,신흥동
1649,경상북도,포항시,항구동
1650,경상북도,포항시,죽도동
1651,전라남도,광양시,
1652,전라남도,광양시,
1653,전라남도,광양시,마동)
1654,전라남도,목포시,상동)
1655,전라남도,목포시,상동)
1656,전라남도,목포시,산정동
1657,전라남도,목포시,옥암동
1658,전라남도,목포시,상동)
1659,전라남도,목포시,옥암동
1660,전라남도,목포시,용해동
1661,전라남도,무안군,
1662,전라남도,무안군,
1663,전라남도,순천시,연향동
1664,전라남도,순천시,
1665,전라남도,순천시,왕지동
1666,전라남도,순천시,조례동
1667,전라남도,순천시,가곡동
1668,전라남도,순천시,연향동
1669,전라남도,순천시,덕암동
1670,전라남도,여수시,종화동
1671,전라남도,여수시,학동)
1672,전라남도,여수시,웅천동
1673,전라남도,여수시,둔덕동
1674,전라남도,여수시,여서동
1675,전라남도,여수시,학동)
1676,전라남도,여수시,신월동
1677,전라남도,여수시,웅천동
1678,전라남도,화순군,
1679,전라남도,나주시,빛가람
1680,전라남도,나주시,빛가람
1681,전라북도,김제시,검산동
1682,전라북도,남원시,쌍교동
1683,전라북도,익산시,모현동
1684,전라북도,익산시,영등동
1685,전라북도,익산시,영등동
1686,전라북도,익산시,동산동
1687,전라북도,전주시,송천동
1688,전라북도,전주시,금암동
1689,전라북도,전주시,중동)
1690,전라북도,전주시,덕진동
1691,전라북도,전주시,덕진동
1692,전라북도,전주시,송천동
1693,전라북도,전주시,인후동
1694,전라북도,전주시,호성동
1695,전라북도,전주시,여의동
1696,전라북도,전주시,평화동
1697,전라북도,전주시,중화산
1698,전라북도,전주시,효자동
1699,전라북도,전주시,서신동
1700,전라북도,전주시,효자동
1701,전라북도,전주시,전동)
1702,전라북도,전주시,효자동
1703,전라북도,전주시,고사동
1704,전라북도,전주시,효자동
1705,전라북도,전주시,서신동
1706,전라북도,전주시,효자동
1707,전라북도,정읍시,수성동
1708,전라북도,군산시,나운동
1709,전라북도,군산시,수송동
1710,전라북도,군산시,미룡동
1711,전라북도,군산시,경암동
1712,전라북도,군산시,조촌동
1713,전라북도,군산시,수송동
1714,충청남도,공주시,
1715,충청남도,공주시,신관동
1716,충청남도,공주시,신관동
1717,충청남도,논산시,
1718,충청남도,논산시,내동)
1719,충청남도,보령시,궁촌동
1720,충청남도,보령시,신흑동
1721,충청남도,서산시,예천동
1722,충청남도,서산시,읍내동
1723,충청남도,천안시,신부동
1724,충청남도,천안시,청당동
1725,충청남도,천안시,안서동
1726,충청남도,천안시,신부동
1727,충청남도,천안시,신부동
1728,충청남도,천안시,
1729,충청남도,천안시,구성동
1730,충청남도,천안시,백석동
1731,충청남도,천안시,백석동
1732,충청남도,천안시,불당동
1733,충청남도,천안시,쌍용동
1734,충청남도,천안시,두정동
1735,충청남도,천안시,불당동
1736,충청남도,천안시,쌍용동
1737,충청남도,천안시,불당동
1738,충청남도,천안시,성정동
1739,충청남도,천안시,불당동
1740,충청남도,천안시,부성1
1741,충청남도,천안시,쌍용동
1742,충청남도,천안시,성성동
1743,충청남도,홍성군,
1744,충청남도,홍성군,
1745,충청남도,계룡시,
1746,충청남도,당진시,시곡동
1747,충청남도,당진시,읍내동
1748,충청남도,아산시,방축동
1749,충청남도,아산시,
1750,충청남도,아산시,
1751,충청남도,아산시,용화동
1752,충청남도,아산시,모종동
1753,충청남도,아산시,권곡동
1754,충청남도,아산시,
1755,충청남도,아산시,모종동
1756,충청남도,아산시,
1757,충청북도,증평군,
1758,충청북도,청주시,용암동
1759,충청북도,청주시,용담동
1760,충청북도,청주시,서문동
1761,충청북도,충주시,호암동
1762,충청북도,충주시,금릉동
1763,충청북도,충주시,봉방동
1764,충청북도,충주시,연수동
1765,충청북도,충주시,교현동
1766,충청북도,음성군,
1767,충청북도,제천시,중앙로
1768,충청북도,청주시,비하동
1769,충청북도,청주시,
1770,충청북도,청주시,봉명동
1771,충청북도,청주시,강서동
1772,충청북도,청주시,복대동
1773,충청북도,청주시,복대동
1774,충청북도,청주시,가경동
1775,충청북도,청주시,
1776,충청북도,청주시,가경동
1777,충청북도,청주시,복대동
1778,충청북도,청주시,미평동
1779,충청북도,청주시,사직동
1780,충청북도,청주시,개신동
1781,충청북도,청주시,사창동
1782,충청북도,청주시,분평동
1783,충청북도,청주시,
1784,충청북도,청주시,율량동
1785,충청북도,청주시,
1786,충청북도,진천군,
1787,제주특별자치도,서귀포시,
1788,제주특별자치도,서귀포시,
1789,제주특별자치도,서귀포시,
1790,제주특별자치도,서귀포시,색달동
1791,제주특별자치도,서귀포시,
1792,제주특별자치도,서귀포시,강정동
1793,제주특별자치도,서귀포시,
1794,제주특별자치도,서귀포시,색달동
1795,제주특별자치도,서귀포시,서귀동
1796,제주특별자치도,서귀포시,
1797,제주특별자치도,제주시,도남동
1798,제주특별자치도,제주시,
1799,제주특별자치도,제주시,외도일
1800,제주특별자치도,제주시,도련일
1801,제주특별자치도,제주시,이도이
1802,제주특별자치도,제주시,
1803,제주특별자치도,제주시,노형동
1804,제주특별자치도,제주시,
1805,제주특별자치도,제주시,일도일
1806,제주특별자치도,제주시,노형동
1807,제주특별자치도,제주시,용담삼
1808,제주특별자치도,제주시,노형동
1809,제주특별자치도,제주시,노형동
1810,제주특별자치도,제주시,노형동
1811,제주특별자치도,제주시,노형동
1812,제주특별자치도,제주시,용담삼
1813,제주특별자치도,제주시,일도이
1814,제주특별자치도,제주시,용담이
1815,세종특별자치시,다정북로,다정동
1816,세종특별자치시,한누리대로,보람동
1817,세종특별자치시,,새롬동
1818,세종특별자치시,,어진동
1819,세종특별자치시,,종촌동
1820,세종특별자치시,,
1821,세종특별자치시,금송로,가람동
1822,세종특별자치시,,어진동
1823,세종특별자치시,아름서1길,아름동
1824,세종특별자치시,노을3로,한솔동
1825,세종특별자치시,소담3로,소담동
1826,세종특별자치시,보듬7로,도담동